"matchday","homeTeamName","homeTeamId","awayTeamName","awayTeamId","FTHG","FTAG","FTR","date","UTCtime","status"
1,"Crystal Palace FC",354,"Arsenal FC",57,0,2,"A","2022-08-05","19:00:00","FINISHED"
1,"Fulham FC",63,"Liverpool FC",64,2,2,"D","2022-08-06","11:30:00","FINISHED"
1,"Tottenham Hotspur FC",73,"Southampton FC",340,4,1,"H","2022-08-06","14:00:00","FINISHED"
1,"Newcastle United FC",67,"Nottingham Forest FC",351,2,0,"H","2022-08-06","14:00:00","FINISHED"
1,"Leeds United FC",341,"Wolverhampton Wanderers FC",76,2,1,"H","2022-08-06","14:00:00","FINISHED"
1,"AFC Bournemouth",1044,"Aston Villa FC",58,2,0,"H","2022-08-06","14:00:00","FINISHED"
1,"Everton FC",62,"Chelsea FC",61,0,1,"A","2022-08-06","16:30:00","FINISHED"
1,"Manchester United FC",66,"Brighton & Hove Albion FC",397,1,2,"A","2022-08-07","13:00:00","FINISHED"
1,"Leicester City FC",338,"Brentford FC",402,2,2,"D","2022-08-07","13:00:00","FINISHED"
1,"West Ham United FC",563,"Manchester City FC",65,0,2,"A","2022-08-07","15:30:00","FINISHED"
2,"Aston Villa FC",58,"Everton FC",62,2,1,"H","2022-08-13","11:30:00","FINISHED"
2,"Wolverhampton Wanderers FC",76,"Fulham FC",63,0,0,"D","2022-08-13","14:00:00","FINISHED"
2,"Southampton FC",340,"Leeds United FC",341,2,2,"D","2022-08-13","14:00:00","FINISHED"
2,"Manchester City FC",65,"AFC Bournemouth",1044,4,0,"H","2022-08-13","14:00:00","FINISHED"
2,"Brighton & Hove Albion FC",397,"Newcastle United FC",67,0,0,"D","2022-08-13","14:00:00","FINISHED"
2,"Arsenal FC",57,"Leicester City FC",338,4,2,"H","2022-08-13","14:00:00","FINISHED"
2,"Brentford FC",402,"Manchester United FC",66,4,0,"H","2022-08-13","16:30:00","FINISHED"
2,"Nottingham Forest FC",351,"West Ham United FC",563,1,0,"H","2022-08-14","13:00:00","FINISHED"
2,"Chelsea FC",61,"Tottenham Hotspur FC",73,2,2,"D","2022-08-14","15:30:00","FINISHED"
2,"Liverpool FC",64,"Crystal Palace FC",354,1,1,"D","2022-08-15","19:00:00","FINISHED"
3,"Tottenham Hotspur FC",73,"Wolverhampton Wanderers FC",76,1,0,"H","2022-08-20","11:30:00","FINISHED"
3,"Leicester City FC",338,"Southampton FC",340,1,2,"A","2022-08-20","14:00:00","FINISHED"
3,"Fulham FC",63,"Brentford FC",402,3,2,"H","2022-08-20","14:00:00","FINISHED"
3,"Everton FC",62,"Nottingham Forest FC",351,1,1,"D","2022-08-20","14:00:00","FINISHED"
3,"Crystal Palace FC",354,"Aston Villa FC",58,3,1,"H","2022-08-20","14:00:00","FINISHED"
3,"AFC Bournemouth",1044,"Arsenal FC",57,0,3,"A","2022-08-20","16:30:00","FINISHED"
3,"West Ham United FC",563,"Brighton & Hove Albion FC",397,0,2,"A","2022-08-21","13:00:00","FINISHED"
3,"Leeds United FC",341,"Chelsea FC",61,3,0,"H","2022-08-21","13:00:00","FINISHED"
3,"Newcastle United FC",67,"Manchester City FC",65,3,3,"D","2022-08-21","15:30:00","FINISHED"
3,"Manchester United FC",66,"Liverpool FC",64,2,1,"H","2022-08-22","19:00:00","FINISHED"
4,"Southampton FC",340,"Manchester United FC",66,0,1,"A","2022-08-27","11:30:00","FINISHED"
4,"Manchester City FC",65,"Crystal Palace FC",354,4,2,"H","2022-08-27","14:00:00","FINISHED"
4,"Liverpool FC",64,"AFC Bournemouth",1044,9,0,"H","2022-08-27","14:00:00","FINISHED"
4,"Chelsea FC",61,"Leicester City FC",338,2,1,"H","2022-08-27","14:00:00","FINISHED"
4,"Brighton & Hove Albion FC",397,"Leeds United FC",341,1,0,"H","2022-08-27","14:00:00","FINISHED"
4,"Brentford FC",402,"Everton FC",62,1,1,"D","2022-08-27","14:00:00","FINISHED"
4,"Arsenal FC",57,"Fulham FC",63,2,1,"H","2022-08-27","16:30:00","FINISHED"
4,"Wolverhampton Wanderers FC",76,"Newcastle United FC",67,1,1,"D","2022-08-28","13:00:00","FINISHED"
4,"Aston Villa FC",58,"West Ham United FC",563,0,1,"A","2022-08-28","13:00:00","FINISHED"
4,"Nottingham Forest FC",351,"Tottenham Hotspur FC",73,0,2,"A","2022-08-28","15:30:00","FINISHED"
5,"Crystal Palace FC",354,"Brentford FC",402,1,1,"D","2022-08-30","18:30:00","FINISHED"
5,"Fulham FC",63,"Brighton & Hove Albion FC",397,2,1,"H","2022-08-30","18:30:00","FINISHED"
5,"Southampton FC",340,"Chelsea FC",61,2,1,"H","2022-08-30","18:45:00","FINISHED"
5,"Leeds United FC",341,"Everton FC",62,1,1,"D","2022-08-30","19:00:00","FINISHED"
5,"Manchester City FC",65,"Nottingham Forest FC",351,6,0,"H","2022-08-31","18:30:00","FINISHED"
5,"AFC Bournemouth",1044,"Wolverhampton Wanderers FC",76,0,0,"D","2022-08-31","18:30:00","FINISHED"
5,"Arsenal FC",57,"Aston Villa FC",58,2,1,"H","2022-08-31","18:30:00","FINISHED"
5,"West Ham United FC",563,"Tottenham Hotspur FC",73,1,1,"D","2022-08-31","18:45:00","FINISHED"
5,"Liverpool FC",64,"Newcastle United FC",67,2,1,"H","2022-08-31","19:00:00","FINISHED"
5,"Leicester City FC",338,"Manchester United FC",66,0,1,"A","2022-09-01","19:00:00","FINISHED"
6,"Everton FC",62,"Liverpool FC",64,0,0,"D","2022-09-03","11:30:00","FINISHED"
6,"Wolverhampton Wanderers FC",76,"Southampton FC",340,1,0,"H","2022-09-03","14:00:00","FINISHED"
6,"Tottenham Hotspur FC",73,"Fulham FC",63,2,1,"H","2022-09-03","14:00:00","FINISHED"
6,"Nottingham Forest FC",351,"AFC Bournemouth",1044,2,3,"A","2022-09-03","14:00:00","FINISHED"
6,"Newcastle United FC",67,"Crystal Palace FC",354,0,0,"D","2022-09-03","14:00:00","FINISHED"
6,"Chelsea FC",61,"West Ham United FC",563,2,1,"H","2022-09-03","14:00:00","FINISHED"
6,"Brentford FC",402,"Leeds United FC",341,5,2,"H","2022-09-03","14:00:00","FINISHED"
6,"Aston Villa FC",58,"Manchester City FC",65,1,1,"D","2022-09-03","16:30:00","FINISHED"
6,"Brighton & Hove Albion FC",397,"Leicester City FC",338,5,2,"H","2022-09-04","13:00:00","FINISHED"
6,"Manchester United FC",66,"Arsenal FC",57,3,1,"H","2022-09-04","15:30:00","FINISHED"
8,"Nottingham Forest FC",351,"Fulham FC",63,2,3,"A","2022-09-16","19:00:00","FINISHED"
8,"Aston Villa FC",58,"Southampton FC",340,1,0,"H","2022-09-16","19:00:00","FINISHED"
8,"Wolverhampton Wanderers FC",76,"Manchester City FC",65,0,3,"A","2022-09-17","11:30:00","FINISHED"
8,"Newcastle United FC",67,"AFC Bournemouth",1044,1,1,"D","2022-09-17","14:00:00","FINISHED"
8,"Tottenham Hotspur FC",73,"Leicester City FC",338,6,2,"H","2022-09-17","16:30:00","FINISHED"
8,"Brentford FC",402,"Arsenal FC",57,0,3,"A","2022-09-18","11:00:00","FINISHED"
8,"Everton FC",62,"West Ham United FC",563,1,0,"H","2022-09-18","13:15:00","FINISHED"
9,"Arsenal FC",57,"Tottenham Hotspur FC",73,3,1,"H","2022-10-01","11:30:00","FINISHED"
9,"Southampton FC",340,"Everton FC",62,1,2,"A","2022-10-01","14:00:00","FINISHED"
9,"Liverpool FC",64,"Brighton & Hove Albion FC",397,3,3,"D","2022-10-01","14:00:00","FINISHED"
9,"Fulham FC",63,"Newcastle United FC",67,1,4,"A","2022-10-01","14:00:00","FINISHED"
9,"Crystal Palace FC",354,"Chelsea FC",61,1,2,"A","2022-10-01","14:00:00","FINISHED"
9,"AFC Bournemouth",1044,"Brentford FC",402,0,0,"D","2022-10-01","14:00:00","FINISHED"
9,"West Ham United FC",563,"Wolverhampton Wanderers FC",76,2,0,"H","2022-10-01","16:30:00","FINISHED"
9,"Manchester City FC",65,"Manchester United FC",66,6,3,"H","2022-10-02","13:00:00","FINISHED"
9,"Leeds United FC",341,"Aston Villa FC",58,0,0,"D","2022-10-02","15:30:00","FINISHED"
9,"Leicester City FC",338,"Nottingham Forest FC",351,4,0,"H","2022-10-03","19:00:00","FINISHED"
10,"Newcastle United FC",67,"Brentford FC",402,5,1,"H","2022-10-08","14:00:00","FINISHED"
10,"Manchester City FC",65,"Southampton FC",340,4,0,"H","2022-10-08","14:00:00","FINISHED"
10,"Chelsea FC",61,"Wolverhampton Wanderers FC",76,3,0,"H","2022-10-08","14:00:00","FINISHED"
10,"AFC Bournemouth",1044,"Leicester City FC",338,2,1,"H","2022-10-08","14:00:00","FINISHED"
10,"Brighton & Hove Albion FC",397,"Tottenham Hotspur FC",73,0,1,"A","2022-10-08","16:30:00","FINISHED"
10,"West Ham United FC",563,"Fulham FC",63,3,1,"H","2022-10-09","13:00:00","FINISHED"
10,"Crystal Palace FC",354,"Leeds United FC",341,2,1,"H","2022-10-09","13:00:00","FINISHED"
10,"Arsenal FC",57,"Liverpool FC",64,3,2,"H","2022-10-09","15:30:00","FINISHED"
10,"Everton FC",62,"Manchester United FC",66,1,2,"A","2022-10-09","18:00:00","FINISHED"
10,"Nottingham Forest FC",351,"Aston Villa FC",58,1,1,"D","2022-10-10","19:00:00","FINISHED"
11,"Brentford FC",402,"Brighton & Hove Albion FC",397,2,0,"H","2022-10-14","19:00:00","FINISHED"
11,"Leicester City FC",338,"Crystal Palace FC",354,0,0,"D","2022-10-15","11:30:00","FINISHED"
11,"Wolverhampton Wanderers FC",76,"Nottingham Forest FC",351,1,0,"H","2022-10-15","14:00:00","FINISHED"
11,"Fulham FC",63,"AFC Bournemouth",1044,2,2,"D","2022-10-15","14:00:00","FINISHED"
11,"Tottenham Hotspur FC",73,"Everton FC",62,2,0,"H","2022-10-15","16:30:00","FINISHED"
11,"Southampton FC",340,"West Ham United FC",563,1,1,"D","2022-10-16","13:00:00","FINISHED"
11,"Manchester United FC",66,"Newcastle United FC",67,0,0,"D","2022-10-16","13:00:00","FINISHED"
11,"Leeds United FC",341,"Arsenal FC",57,0,1,"A","2022-10-16","13:00:00","FINISHED"
11,"Aston Villa FC",58,"Chelsea FC",61,0,2,"A","2022-10-16","13:00:00","FINISHED"
11,"Liverpool FC",64,"Manchester City FC",65,1,0,"H","2022-10-16","15:30:00","FINISHED"
12,"Brighton & Hove Albion FC",397,"Nottingham Forest FC",351,0,0,"D","2022-10-18","18:30:00","FINISHED"
12,"Crystal Palace FC",354,"Wolverhampton Wanderers FC",76,2,1,"H","2022-10-18","19:15:00","FINISHED"
12,"Liverpool FC",64,"West Ham United FC",563,1,0,"H","2022-10-19","18:30:00","FINISHED"
12,"Newcastle United FC",67,"Everton FC",62,1,0,"H","2022-10-19","18:30:00","FINISHED"
12,"Brentford FC",402,"Chelsea FC",61,0,0,"D","2022-10-19","18:30:00","FINISHED"
12,"AFC Bournemouth",1044,"Southampton FC",340,0,1,"A","2022-10-19","18:30:00","FINISHED"
12,"Manchester United FC",66,"Tottenham Hotspur FC",73,2,0,"H","2022-10-19","19:15:00","FINISHED"
12,"Fulham FC",63,"Aston Villa FC",58,3,0,"H","2022-10-20","18:30:00","FINISHED"
12,"Leicester City FC",338,"Leeds United FC",341,2,0,"H","2022-10-20","19:15:00","FINISHED"
13,"Nottingham Forest FC",351,"Liverpool FC",64,1,0,"H","2022-10-22","11:30:00","FINISHED"
13,"Manchester City FC",65,"Brighton & Hove Albion FC",397,3,1,"H","2022-10-22","14:00:00","FINISHED"
13,"Everton FC",62,"Crystal Palace FC",354,3,0,"H","2022-10-22","14:00:00","FINISHED"
13,"Chelsea FC",61,"Manchester United FC",66,1,1,"D","2022-10-22","16:30:00","FINISHED"
13,"Southampton FC",340,"Arsenal FC",57,1,1,"D","2022-10-23","13:00:00","FINISHED"
13,"Leeds United FC",341,"Fulham FC",63,2,3,"A","2022-10-23","13:00:00","FINISHED"
13,"Aston Villa FC",58,"Brentford FC",402,4,0,"H","2022-10-23","13:00:00","FINISHED"
13,"Wolverhampton Wanderers FC",76,"Leicester City FC",338,0,4,"A","2022-10-23","13:00:00","FINISHED"
13,"Tottenham Hotspur FC",73,"Newcastle United FC",67,1,2,"A","2022-10-23","15:30:00","FINISHED"
13,"West Ham United FC",563,"AFC Bournemouth",1044,2,0,"H","2022-10-24","19:00:00","FINISHED"
14,"Leicester City FC",338,"Manchester City FC",65,0,1,"A","2022-10-29","11:30:00","FINISHED"
14,"Newcastle United FC",67,"Aston Villa FC",58,4,0,"H","2022-10-29","14:00:00","FINISHED"
14,"Crystal Palace FC",354,"Southampton FC",340,1,0,"H","2022-10-29","14:00:00","FINISHED"
14,"Brighton & Hove Albion FC",397,"Chelsea FC",61,4,1,"H","2022-10-29","14:00:00","FINISHED"
14,"Brentford FC",402,"Wolverhampton Wanderers FC",76,1,1,"D","2022-10-29","14:00:00","FINISHED"
14,"AFC Bournemouth",1044,"Tottenham Hotspur FC",73,2,3,"A","2022-10-29","14:00:00","FINISHED"
14,"Fulham FC",63,"Everton FC",62,0,0,"D","2022-10-29","16:30:00","FINISHED"
14,"Liverpool FC",64,"Leeds United FC",341,1,2,"A","2022-10-29","18:45:00","FINISHED"
14,"Arsenal FC",57,"Nottingham Forest FC",351,5,0,"H","2022-10-30","14:00:00","FINISHED"
14,"Manchester United FC",66,"West Ham United FC",563,1,0,"H","2022-10-30","16:15:00","FINISHED"
15,"Wolverhampton Wanderers FC",76,"Brighton & Hove Albion FC",397,2,3,"A","2022-11-05","15:00:00","FINISHED"
15,"Nottingham Forest FC",351,"Brentford FC",402,2,2,"D","2022-11-05","15:00:00","FINISHED"
15,"Manchester City FC",65,"Fulham FC",63,2,1,"H","2022-11-05","15:00:00","FINISHED"
15,"Leeds United FC",341,"AFC Bournemouth",1044,4,3,"H","2022-11-05","15:00:00","FINISHED"
15,"Everton FC",62,"Leicester City FC",338,0,2,"A","2022-11-05","17:30:00","FINISHED"
15,"Chelsea FC",61,"Arsenal FC",57,0,1,"A","2022-11-06","12:00:00","FINISHED"
15,"West Ham United FC",563,"Crystal Palace FC",354,1,2,"A","2022-11-06","14:00:00","FINISHED"
15,"Southampton FC",340,"Newcastle United FC",67,1,4,"A","2022-11-06","14:00:00","FINISHED"
15,"Aston Villa FC",58,"Manchester United FC",66,3,1,"H","2022-11-06","14:00:00","FINISHED"
15,"Tottenham Hotspur FC",73,"Liverpool FC",64,1,2,"A","2022-11-06","16:30:00","FINISHED"
16,"Manchester City FC",65,"Brentford FC",402,1,2,"A","2022-11-12","12:30:00","FINISHED"
16,"West Ham United FC",563,"Leicester City FC",338,0,2,"A","2022-11-12","15:00:00","FINISHED"
16,"Tottenham Hotspur FC",73,"Leeds United FC",341,4,3,"H","2022-11-12","15:00:00","FINISHED"
16,"Nottingham Forest FC",351,"Crystal Palace FC",354,1,0,"H","2022-11-12","15:00:00","FINISHED"
16,"Liverpool FC",64,"Southampton FC",340,3,1,"H","2022-11-12","15:00:00","FINISHED"
16,"AFC Bournemouth",1044,"Everton FC",62,3,0,"H","2022-11-12","15:00:00","FINISHED"
16,"Newcastle United FC",67,"Chelsea FC",61,1,0,"H","2022-11-12","17:30:00","FINISHED"
16,"Wolverhampton Wanderers FC",76,"Arsenal FC",57,0,2,"A","2022-11-12","19:45:00","FINISHED"
16,"Brighton & Hove Albion FC",397,"Aston Villa FC",58,1,2,"A","2022-11-13","14:00:00","FINISHED"
16,"Fulham FC",63,"Manchester United FC",66,1,2,"A","2022-11-13","16:30:00","FINISHED"
17,"Brentford FC",402,"Tottenham Hotspur FC",73,2,2,"D","2022-12-26","12:30:00","FINISHED"
17,"Southampton FC",340,"Brighton & Hove Albion FC",397,1,3,"A","2022-12-26","15:00:00","FINISHED"
17,"Leicester City FC",338,"Newcastle United FC",67,0,3,"A","2022-12-26","15:00:00","FINISHED"
17,"Everton FC",62,"Wolverhampton Wanderers FC",76,1,2,"A","2022-12-26","15:00:00","FINISHED"
17,"Crystal Palace FC",354,"Fulham FC",63,0,3,"A","2022-12-26","15:00:00","FINISHED"
17,"Aston Villa FC",58,"Liverpool FC",64,1,3,"A","2022-12-26","17:30:00","FINISHED"
17,"Arsenal FC",57,"West Ham United FC",563,3,1,"H","2022-12-26","20:00:00","FINISHED"
17,"Chelsea FC",61,"AFC Bournemouth",1044,2,0,"H","2022-12-27","17:30:00","FINISHED"
17,"Manchester United FC",66,"Nottingham Forest FC",351,3,0,"H","2022-12-27","20:00:00","FINISHED"
17,"Leeds United FC",341,"Manchester City FC",65,1,3,"A","2022-12-28","20:00:00","FINISHED"
18,"West Ham United FC",563,"Brentford FC",402,0,2,"A","2022-12-30","19:45:00","FINISHED"
18,"Liverpool FC",64,"Leicester City FC",338,2,1,"H","2022-12-30","20:00:00","FINISHED"
18,"Wolverhampton Wanderers FC",76,"Manchester United FC",66,0,1,"A","2022-12-31","12:30:00","FINISHED"
18,"Newcastle United FC",67,"Leeds United FC",341,0,0,"D","2022-12-31","15:00:00","FINISHED"
18,"Manchester City FC",65,"Everton FC",62,1,1,"D","2022-12-31","15:00:00","FINISHED"
18,"Fulham FC",63,"Southampton FC",340,2,1,"H","2022-12-31","15:00:00","FINISHED"
18,"AFC Bournemouth",1044,"Crystal Palace FC",354,0,2,"A","2022-12-31","15:00:00","FINISHED"
18,"Brighton & Hove Albion FC",397,"Arsenal FC",57,2,4,"A","2022-12-31","17:30:00","FINISHED"
18,"Tottenham Hotspur FC",73,"Aston Villa FC",58,0,2,"A","2023-01-01","14:00:00","FINISHED"
18,"Nottingham Forest FC",351,"Chelsea FC",61,1,1,"D","2023-01-01","16:30:00","FINISHED"
19,"Brentford FC",402,"Liverpool FC",64,3,1,"H","2023-01-02","17:30:00","FINISHED"
19,"Leicester City FC",338,"Fulham FC",63,0,1,"A","2023-01-03","19:45:00","FINISHED"
19,"Everton FC",62,"Brighton & Hove Albion FC",397,1,4,"A","2023-01-03","19:45:00","FINISHED"
19,"Arsenal FC",57,"Newcastle United FC",67,0,0,"D","2023-01-03","19:45:00","FINISHED"
19,"Manchester United FC",66,"AFC Bournemouth",1044,3,0,"H","2023-01-03","20:00:00","FINISHED"
19,"Southampton FC",340,"Nottingham Forest FC",351,0,1,"A","2023-01-04","19:30:00","FINISHED"
19,"Leeds United FC",341,"West Ham United FC",563,2,2,"D","2023-01-04","19:45:00","FINISHED"
19,"Crystal Palace FC",354,"Tottenham Hotspur FC",73,0,4,"A","2023-01-04","20:00:00","FINISHED"
19,"Aston Villa FC",58,"Wolverhampton Wanderers FC",76,1,1,"D","2023-01-04","20:00:00","FINISHED"
19,"Chelsea FC",61,"Manchester City FC",65,0,1,"A","2023-01-05","20:00:00","FINISHED"
7,"Fulham FC",63,"Chelsea FC",61,2,1,"H","2023-01-12","20:00:00","FINISHED"
20,"Aston Villa FC",58,"Leeds United FC",341,2,1,"H","2023-01-13","20:00:00","FINISHED"
20,"Manchester United FC",66,"Manchester City FC",65,2,1,"H","2023-01-14","12:30:00","FINISHED"
20,"Wolverhampton Wanderers FC",76,"West Ham United FC",563,1,0,"H","2023-01-14","15:00:00","FINISHED"
20,"Nottingham Forest FC",351,"Leicester City FC",338,2,0,"H","2023-01-14","15:00:00","FINISHED"
20,"Everton FC",62,"Southampton FC",340,1,2,"A","2023-01-14","15:00:00","FINISHED"
20,"Brighton & Hove Albion FC",397,"Liverpool FC",64,3,0,"H","2023-01-14","15:00:00","FINISHED"
20,"Brentford FC",402,"AFC Bournemouth",1044,2,0,"H","2023-01-14","17:30:00","FINISHED"
20,"Newcastle United FC",67,"Fulham FC",63,1,0,"H","2023-01-15","14:00:00","FINISHED"
20,"Chelsea FC",61,"Crystal Palace FC",354,1,0,"H","2023-01-15","14:00:00","FINISHED"
20,"Tottenham Hotspur FC",73,"Arsenal FC",57,0,2,"A","2023-01-15","16:30:00","FINISHED"
7,"Crystal Palace FC",354,"Manchester United FC",66,1,1,"D","2023-01-18","20:00:00","FINISHED"
7,"Manchester City FC",65,"Tottenham Hotspur FC",73,4,2,"H","2023-01-19","20:00:00","FINISHED"
21,"Liverpool FC",64,"Chelsea FC",61,0,0,"D","2023-01-21","12:30:00","FINISHED"
21,"West Ham United FC",563,"Everton FC",62,2,0,"H","2023-01-21","15:00:00","FINISHED"
21,"Southampton FC",340,"Aston Villa FC",58,0,1,"A","2023-01-21","15:00:00","FINISHED"
21,"Leicester City FC",338,"Brighton & Hove Albion FC",397,2,2,"D","2023-01-21","15:00:00","FINISHED"
21,"AFC Bournemouth",1044,"Nottingham Forest FC",351,1,1,"D","2023-01-21","15:00:00","FINISHED"
21,"Crystal Palace FC",354,"Newcastle United FC",67,0,0,"D","2023-01-21","17:30:00","FINISHED"
21,"Manchester City FC",65,"Wolverhampton Wanderers FC",76,3,0,"H","2023-01-22","14:00:00","FINISHED"
21,"Leeds United FC",341,"Brentford FC",402,0,0,"D","2023-01-22","14:00:00","FINISHED"
21,"Arsenal FC",57,"Manchester United FC",66,3,2,"H","2023-01-22","16:30:00","FINISHED"
21,"Fulham FC",63,"Tottenham Hotspur FC",73,0,1,"A","2023-01-23","20:15:00","FINISHED"
22,"Chelsea FC",61,"Fulham FC",63,0,0,"D","2023-02-03","20:00:00","FINISHED"
22,"Everton FC",62,"Arsenal FC",57,1,0,"H","2023-02-04","12:30:00","FINISHED"
22,"Wolverhampton Wanderers FC",76,"Liverpool FC",64,3,0,"H","2023-02-04","15:00:00","FINISHED"
22,"Manchester United FC",66,"Crystal Palace FC",354,2,1,"H","2023-02-04","15:00:00","FINISHED"
22,"Brighton & Hove Albion FC",397,"AFC Bournemouth",1044,1,0,"H","2023-02-04","15:00:00","FINISHED"
22,"Brentford FC",402,"Southampton FC",340,3,0,"H","2023-02-04","15:00:00","FINISHED"
22,"Aston Villa FC",58,"Leicester City FC",338,2,4,"A","2023-02-04","15:00:00","FINISHED"
22,"Newcastle United FC",67,"West Ham United FC",563,1,1,"D","2023-02-04","17:30:00","FINISHED"
22,"Nottingham Forest FC",351,"Leeds United FC",341,1,0,"H","2023-02-05","14:00:00","FINISHED"
22,"Tottenham Hotspur FC",73,"Manchester City FC",65,1,0,"H","2023-02-05","16:30:00","FINISHED"
8,"Manchester United FC",66,"Leeds United FC",341,2,2,"D","2023-02-08","20:00:00","FINISHED"
23,"West Ham United FC",563,"Chelsea FC",61,1,1,"D","2023-02-11","12:30:00","FINISHED"
23,"Southampton FC",340,"Wolverhampton Wanderers FC",76,1,2,"A","2023-02-11","15:00:00","FINISHED"
23,"Leicester City FC",338,"Tottenham Hotspur FC",73,4,1,"H","2023-02-11","15:00:00","FINISHED"
23,"Fulham FC",63,"Nottingham Forest FC",351,2,0,"H","2023-02-11","15:00:00","FINISHED"
23,"Crystal Palace FC",354,"Brighton & Hove Albion FC",397,1,1,"D","2023-02-11","15:00:00","FINISHED"
23,"Arsenal FC",57,"Brentford FC",402,1,1,"D","2023-02-11","15:00:00","FINISHED"
23,"AFC Bournemouth",1044,"Newcastle United FC",67,1,1,"D","2023-02-11","17:30:00","FINISHED"
23,"Leeds United FC",341,"Manchester United FC",66,0,2,"A","2023-02-12","14:00:00","FINISHED"
23,"Manchester City FC",65,"Aston Villa FC",58,3,1,"H","2023-02-12","16:30:00","FINISHED"
23,"Liverpool FC",64,"Everton FC",62,2,0,"H","2023-02-13","20:00:00","FINISHED"
12,"Arsenal FC",57,"Manchester City FC",65,1,3,"A","2023-02-15","19:30:00","FINISHED"
24,"Aston Villa FC",58,"Arsenal FC",57,2,4,"A","2023-02-18","12:30:00","FINISHED"
24,"Wolverhampton Wanderers FC",76,"AFC Bournemouth",1044,0,1,"A","2023-02-18","15:00:00","FINISHED"
24,"Nottingham Forest FC",351,"Manchester City FC",65,1,1,"D","2023-02-18","15:00:00","FINISHED"
24,"Everton FC",62,"Leeds United FC",341,1,0,"H","2023-02-18","15:00:00","FINISHED"
24,"Chelsea FC",61,"Southampton FC",340,0,1,"A","2023-02-18","15:00:00","FINISHED"
24,"Brighton & Hove Albion FC",397,"Fulham FC",63,0,1,"A","2023-02-18","15:00:00","FINISHED"
24,"Brentford FC",402,"Crystal Palace FC",354,1,1,"D","2023-02-18","15:00:00","FINISHED"
24,"Newcastle United FC",67,"Liverpool FC",64,0,2,"A","2023-02-18","17:30:00","FINISHED"
24,"Manchester United FC",66,"Leicester City FC",338,3,0,"H","2023-02-19","14:00:00","FINISHED"
24,"Tottenham Hotspur FC",73,"West Ham United FC",563,2,0,"H","2023-02-19","16:30:00","FINISHED"
25,"Fulham FC",63,"Wolverhampton Wanderers FC",76,1,1,"D","2023-02-24","20:00:00","FINISHED"
25,"West Ham United FC",563,"Nottingham Forest FC",351,4,0,"H","2023-02-25","15:00:00","FINISHED"
25,"Leicester City FC",338,"Arsenal FC",57,0,1,"A","2023-02-25","15:00:00","FINISHED"
25,"Leeds United FC",341,"Southampton FC",340,1,0,"H","2023-02-25","15:00:00","FINISHED"
25,"Everton FC",62,"Aston Villa FC",58,0,2,"A","2023-02-25","15:00:00","FINISHED"
25,"AFC Bournemouth",1044,"Manchester City FC",65,1,4,"A","2023-02-25","17:30:00","FINISHED"
25,"Crystal Palace FC",354,"Liverpool FC",64,0,0,"D","2023-02-25","19:45:00","FINISHED"
25,"Tottenham Hotspur FC",73,"Chelsea FC",61,2,0,"H","2023-02-26","13:30:00","FINISHED"
7,"Arsenal FC",57,"Everton FC",62,4,0,"H","2023-03-01","19:45:00","FINISHED"
7,"Liverpool FC",64,"Wolverhampton Wanderers FC",76,2,0,"H","2023-03-01","20:00:00","FINISHED"
26,"Manchester City FC",65,"Newcastle United FC",67,2,0,"H","2023-03-04","12:30:00","FINISHED"
26,"Wolverhampton Wanderers FC",76,"Tottenham Hotspur FC",73,1,0,"H","2023-03-04","15:00:00","FINISHED"
26,"Chelsea FC",61,"Leeds United FC",341,1,0,"H","2023-03-04","15:00:00","FINISHED"
26,"Brighton & Hove Albion FC",397,"West Ham United FC",563,4,0,"H","2023-03-04","15:00:00","FINISHED"
26,"Aston Villa FC",58,"Crystal Palace FC",354,1,0,"H","2023-03-04","15:00:00","FINISHED"
26,"Arsenal FC",57,"AFC Bournemouth",1044,3,2,"H","2023-03-04","15:00:00","FINISHED"
26,"Southampton FC",340,"Leicester City FC",338,1,0,"H","2023-03-04","17:30:00","FINISHED"
26,"Nottingham Forest FC",351,"Everton FC",62,2,2,"D","2023-03-05","14:00:00","FINISHED"
26,"Liverpool FC",64,"Manchester United FC",66,7,0,"H","2023-03-05","16:30:00","FINISHED"
26,"Brentford FC",402,"Fulham FC",63,3,2,"H","2023-03-06","20:00:00","FINISHED"
27,"AFC Bournemouth",1044,"Liverpool FC",64,1,0,"H","2023-03-11","12:30:00","FINISHED"
27,"Tottenham Hotspur FC",73,"Nottingham Forest FC",351,3,1,"H","2023-03-11","15:00:00","FINISHED"
27,"Leicester City FC",338,"Chelsea FC",61,1,3,"A","2023-03-11","15:00:00","FINISHED"
27,"Leeds United FC",341,"Brighton & Hove Albion FC",397,2,2,"D","2023-03-11","15:00:00","FINISHED"
27,"Everton FC",62,"Brentford FC",402,1,0,"H","2023-03-11","15:00:00","FINISHED"
27,"Crystal Palace FC",354,"Manchester City FC",65,0,1,"A","2023-03-11","17:30:00","FINISHED"
27,"West Ham United FC",563,"Aston Villa FC",58,1,1,"D","2023-03-12","14:00:00","FINISHED"
27,"Manchester United FC",66,"Southampton FC",340,0,0,"D","2023-03-12","14:00:00","FINISHED"
27,"Fulham FC",63,"Arsenal FC",57,0,3,"A","2023-03-12","14:00:00","FINISHED"
27,"Newcastle United FC",67,"Wolverhampton Wanderers FC",76,2,1,"H","2023-03-12","16:30:00","FINISHED"
8,"Brighton & Hove Albion FC",397,"Crystal Palace FC",354,1,0,"H","2023-03-15","19:30:00","FINISHED"
7,"Southampton FC",340,"Brentford FC",402,0,2,"A","2023-03-15","19:30:00","FINISHED"
28,"Nottingham Forest FC",351,"Newcastle United FC",67,1,2,"A","2023-03-17","20:00:00","FINISHED"
28,"Wolverhampton Wanderers FC",76,"Leeds United FC",341,2,4,"A","2023-03-18","15:00:00","FINISHED"
28,"Southampton FC",340,"Tottenham Hotspur FC",73,3,3,"D","2023-03-18","15:00:00","FINISHED"
28,"Brentford FC",402,"Leicester City FC",338,1,1,"D","2023-03-18","15:00:00","FINISHED"
28,"Aston Villa FC",58,"AFC Bournemouth",1044,3,0,"H","2023-03-18","15:00:00","FINISHED"
28,"Chelsea FC",61,"Everton FC",62,2,2,"D","2023-03-18","17:30:00","FINISHED"
28,"Arsenal FC",57,"Crystal Palace FC",354,4,1,"H","2023-03-19","14:00:00","FINISHED"
29,"Manchester City FC",65,"Liverpool FC",64,4,1,"H","2023-04-01","11:30:00","FINISHED"
29,"Nottingham Forest FC",351,"Wolverhampton Wanderers FC",76,1,1,"D","2023-04-01","14:00:00","FINISHED"
29,"Crystal Palace FC",354,"Leicester City FC",338,2,1,"H","2023-04-01","14:00:00","FINISHED"
29,"Brighton & Hove Albion FC",397,"Brentford FC",402,3,3,"D","2023-04-01","14:00:00","FINISHED"
29,"AFC Bournemouth",1044,"Fulham FC",63,2,1,"H","2023-04-01","14:00:00","FINISHED"
29,"Arsenal FC",57,"Leeds United FC",341,4,1,"H","2023-04-01","14:00:00","FINISHED"
29,"Chelsea FC",61,"Aston Villa FC",58,0,2,"A","2023-04-01","16:30:00","FINISHED"
29,"West Ham United FC",563,"Southampton FC",340,1,0,"H","2023-04-02","13:00:00","FINISHED"
29,"Newcastle United FC",67,"Manchester United FC",66,2,0,"H","2023-04-02","15:30:00","FINISHED"
29,"Everton FC",62,"Tottenham Hotspur FC",73,1,1,"D","2023-04-03","19:00:00","FINISHED"
7,"Leicester City FC",338,"Aston Villa FC",58,1,2,"A","2023-04-04","18:45:00","FINISHED"
7,"Leeds United FC",341,"Nottingham Forest FC",351,2,1,"H","2023-04-04","18:45:00","FINISHED"
7,"AFC Bournemouth",1044,"Brighton & Hove Albion FC",397,0,2,"A","2023-04-04","18:45:00","FINISHED"
8,"Chelsea FC",61,"Liverpool FC",64,0,0,"D","2023-04-04","19:00:00","FINISHED"
7,"West Ham United FC",563,"Newcastle United FC",67,1,5,"A","2023-04-05","19:00:00","FINISHED"
25,"Manchester United FC",66,"Brentford FC",402,1,0,"H","2023-04-05","19:00:00","FINISHED"
30,"Manchester United FC",66,"Everton FC",62,2,0,"H","2023-04-08","11:30:00","FINISHED"
30,"Wolverhampton Wanderers FC",76,"Chelsea FC",61,1,0,"H","2023-04-08","14:00:00","FINISHED"
30,"Tottenham Hotspur FC",73,"Brighton & Hove Albion FC",397,2,1,"H","2023-04-08","14:00:00","FINISHED"
30,"Leicester City FC",338,"AFC Bournemouth",1044,0,1,"A","2023-04-08","14:00:00","FINISHED"
30,"Fulham FC",63,"West Ham United FC",563,0,1,"A","2023-04-08","14:00:00","FINISHED"
30,"Brentford FC",402,"Newcastle United FC",67,1,2,"A","2023-04-08","14:00:00","FINISHED"
30,"Aston Villa FC",58,"Nottingham Forest FC",351,2,0,"H","2023-04-08","14:00:00","FINISHED"
30,"Southampton FC",340,"Manchester City FC",65,1,4,"A","2023-04-08","16:30:00","FINISHED"
30,"Leeds United FC",341,"Crystal Palace FC",354,1,5,"A","2023-04-09","13:00:00","FINISHED"
30,"Liverpool FC",64,"Arsenal FC",57,2,2,"D","2023-04-09","15:30:00","FINISHED"
31,"Aston Villa FC",58,"Newcastle United FC",67,3,0,"H","2023-04-15","11:30:00","FINISHED"
31,"Wolverhampton Wanderers FC",76,"Brentford FC",402,2,0,"H","2023-04-15","14:00:00","FINISHED"
31,"Southampton FC",340,"Crystal Palace FC",354,0,2,"A","2023-04-15","14:00:00","FINISHED"
31,"Everton FC",62,"Fulham FC",63,1,3,"A","2023-04-15","14:00:00","FINISHED"
31,"Chelsea FC",61,"Brighton & Hove Albion FC",397,1,2,"A","2023-04-15","14:00:00","FINISHED"
31,"Tottenham Hotspur FC",73,"AFC Bournemouth",1044,2,3,"A","2023-04-15","14:15:00","FINISHED"
31,"Manchester City FC",65,"Leicester City FC",338,3,1,"H","2023-04-15","16:30:00","FINISHED"
31,"West Ham United FC",563,"Arsenal FC",57,2,2,"D","2023-04-16","13:00:00","FINISHED"
31,"Nottingham Forest FC",351,"Manchester United FC",66,0,2,"A","2023-04-16","15:30:00","FINISHED"
31,"Leeds United FC",341,"Liverpool FC",64,1,6,"A","2023-04-17","19:00:00","FINISHED"
32,"Arsenal FC",57,"Southampton FC",340,3,3,"D","2023-04-21","19:00:00","FINISHED"
32,"Fulham FC",63,"Leeds United FC",341,2,1,"H","2023-04-22","11:30:00","FINISHED"
32,"Liverpool FC",64,"Nottingham Forest FC",351,3,2,"H","2023-04-22","14:00:00","FINISHED"
32,"Leicester City FC",338,"Wolverhampton Wanderers FC",76,2,1,"H","2023-04-22","14:00:00","FINISHED"
32,"Crystal Palace FC",354,"Everton FC",62,0,0,"D","2023-04-22","14:00:00","FINISHED"
32,"Brentford FC",402,"Aston Villa FC",58,1,1,"D","2023-04-22","14:00:00","FINISHED"
32,"Newcastle United FC",67,"Tottenham Hotspur FC",73,6,1,"H","2023-04-23","13:00:00","FINISHED"
32,"AFC Bournemouth",1044,"West Ham United FC",563,0,4,"A","2023-04-23","13:00:00","FINISHED"
33,"Wolverhampton Wanderers FC",76,"Crystal Palace FC",354,2,0,"H","2023-04-25","18:30:00","FINISHED"
33,"Aston Villa FC",58,"Fulham FC",63,1,0,"H","2023-04-25","18:45:00","FINISHED"
33,"Leeds United FC",341,"Leicester City FC",338,1,1,"D","2023-04-25","19:00:00","FINISHED"
33,"Nottingham Forest FC",351,"Brighton & Hove Albion FC",397,3,1,"H","2023-04-26","18:30:00","FINISHED"
33,"Chelsea FC",61,"Brentford FC",402,0,2,"A","2023-04-26","18:45:00","FINISHED"
33,"West Ham United FC",563,"Liverpool FC",64,1,2,"A","2023-04-26","18:45:00","FINISHED"
33,"Manchester City FC",65,"Arsenal FC",57,4,1,"H","2023-04-26","19:00:00","FINISHED"
33,"Southampton FC",340,"AFC Bournemouth",1044,0,1,"A","2023-04-27","18:45:00","FINISHED"
33,"Everton FC",62,"Newcastle United FC",67,1,4,"A","2023-04-27","18:45:00","FINISHED"
33,"Tottenham Hotspur FC",73,"Manchester United FC",66,2,2,"D","2023-04-27","19:15:00","FINISHED"
34,"Crystal Palace FC",354,"West Ham United FC",563,4,3,"H","2023-04-29","11:45:00","FINISHED"
34,"Brighton & Hove Albion FC",397,"Wolverhampton Wanderers FC",76,6,0,"H","2023-04-29","14:00:00","FINISHED"
34,"Brentford FC",402,"Nottingham Forest FC",351,2,1,"H","2023-04-29","14:00:00","FINISHED"
34,"Newcastle United FC",67,"Southampton FC",340,3,1,"H","2023-04-30","13:00:00","FINISHED"
34,"Manchester United FC",66,"Aston Villa FC",58,1,0,"H","2023-04-30","13:00:00","FINISHED"
34,"Fulham FC",63,"Manchester City FC",65,1,2,"A","2023-04-30","13:00:00","FINISHED"
34,"AFC Bournemouth",1044,"Leeds United FC",341,4,1,"H","2023-04-30","13:00:00","FINISHED"
34,"Liverpool FC",64,"Tottenham Hotspur FC",73,4,3,"H","2023-04-30","15:30:00","FINISHED"
34,"Leicester City FC",338,"Everton FC",62,2,2,"D","2023-05-01","19:00:00","FINISHED"
34,"Arsenal FC",57,"Chelsea FC",61,3,1,"H","2023-05-02","19:00:00","FINISHED"
28,"Manchester City FC",65,"West Ham United FC",563,3,0,"H","2023-05-03","19:00:00","FINISHED"
28,"Liverpool FC",64,"Fulham FC",63,1,0,"H","2023-05-03","19:00:00","FINISHED"
28,"Brighton & Hove Albion FC",397,"Manchester United FC",66,1,0,"H","2023-05-04","19:00:00","FINISHED"
35,"Wolverhampton Wanderers FC",76,"Aston Villa FC",58,1,0,"H","2023-05-06","14:00:00","FINISHED"
35,"Tottenham Hotspur FC",73,"Crystal Palace FC",354,1,0,"H","2023-05-06","14:00:00","FINISHED"
35,"Manchester City FC",65,"Leeds United FC",341,2,1,"H","2023-05-06","14:00:00","FINISHED"
35,"AFC Bournemouth",1044,"Chelsea FC",61,1,3,"A","2023-05-06","14:00:00","FINISHED"
35,"Liverpool FC",64,"Brentford FC",402,1,0,"H","2023-05-06","16:30:00","FINISHED"
35,"Newcastle United FC",67,"Arsenal FC",57,0,2,"A","2023-05-07","15:30:00","FINISHED"
35,"West Ham United FC",563,"Manchester United FC",66,1,0,"H","2023-05-07","18:00:00","FINISHED"
35,"Fulham FC",63,"Leicester City FC",338,5,3,"H","2023-05-08","14:00:00","FINISHED"
35,"Brighton & Hove Albion FC",397,"Everton FC",62,1,5,"A","2023-05-08","16:30:00","FINISHED"
35,"Nottingham Forest FC",351,"Southampton FC",340,4,3,"H","2023-05-08","19:00:00","FINISHED"
36,"Leeds United FC",341,"Newcastle United FC",67,2,2,"D","2023-05-13","11:30:00","FINISHED"
36,"Southampton FC",340,"Fulham FC",63,0,2,"A","2023-05-13","14:00:00","FINISHED"
36,"Manchester United FC",66,"Wolverhampton Wanderers FC",76,2,0,"H","2023-05-13","14:00:00","FINISHED"
36,"Crystal Palace FC",354,"AFC Bournemouth",1044,2,0,"H","2023-05-13","14:00:00","FINISHED"
36,"Chelsea FC",61,"Nottingham Forest FC",351,2,2,"D","2023-05-13","14:00:00","FINISHED"
36,"Aston Villa FC",58,"Tottenham Hotspur FC",73,2,1,"H","2023-05-13","14:00:00","FINISHED"
36,"Everton FC",62,"Manchester City FC",65,0,3,"A","2023-05-14","13:00:00","FINISHED"
36,"Brentford FC",402,"West Ham United FC",563,2,0,"H","2023-05-14","13:00:00","FINISHED"
36,"Arsenal FC",57,"Brighton & Hove Albion FC",397,0,3,"A","2023-05-14","15:30:00","FINISHED"
36,"Leicester City FC",338,"Liverpool FC",64,0,3,"A","2023-05-15","19:00:00","FINISHED"
25,"Newcastle United FC",67,"Brighton & Hove Albion FC",397,4,1,"H","2023-05-18","18:30:00","FINISHED"
37,"Tottenham Hotspur FC",73,"Brentford FC",402,1,3,"A","2023-05-20","11:30:00","FINISHED"
37,"Wolverhampton Wanderers FC",76,"Everton FC",62,1,1,"D","2023-05-20","14:00:00","FINISHED"
37,"Liverpool FC",64,"Aston Villa FC",58,1,1,"D","2023-05-20","14:00:00","FINISHED"
37,"Fulham FC",63,"Crystal Palace FC",354,2,2,"D","2023-05-20","14:00:00","FINISHED"
37,"AFC Bournemouth",1044,"Manchester United FC",66,0,1,"A","2023-05-20","14:00:00","FINISHED"
37,"Nottingham Forest FC",351,"Arsenal FC",57,1,0,"H","2023-05-20","16:30:00","FINISHED"
37,"West Ham United FC",563,"Leeds United FC",341,3,1,"H","2023-05-21","12:30:00","FINISHED"
37,"Brighton & Hove Albion FC",397,"Southampton FC",340,3,1,"H","2023-05-21","13:00:00","FINISHED"
37,"Manchester City FC",65,"Chelsea FC",61,1,0,"H","2023-05-21","15:00:00","FINISHED"
37,"Newcastle United FC",67,"Leicester City FC",338,0,0,"D","2023-05-22","19:00:00","FINISHED"
32,"Brighton & Hove Albion FC",397,"Manchester City FC",65,1,1,"D","2023-05-24","19:00:00","FINISHED"
32,"Manchester United FC",66,"Chelsea FC",61,NA,NA,NA,"2023-05-25","19:00:00","TIMED"
38,"Southampton FC",340,"Liverpool FC",64,NA,NA,NA,"2023-05-28","15:30:00","TIMED"
38,"Manchester United FC",66,"Fulham FC",63,NA,NA,NA,"2023-05-28","15:30:00","TIMED"
38,"Leicester City FC",338,"West Ham United FC",563,NA,NA,NA,"2023-05-28","15:30:00","TIMED"
38,"Leeds United FC",341,"Tottenham Hotspur FC",73,NA,NA,NA,"2023-05-28","15:30:00","TIMED"
38,"Everton FC",62,"AFC Bournemouth",1044,NA,NA,NA,"2023-05-28","15:30:00","TIMED"
38,"Crystal Palace FC",354,"Nottingham Forest FC",351,NA,NA,NA,"2023-05-28","15:30:00","TIMED"
38,"Chelsea FC",61,"Newcastle United FC",67,NA,NA,NA,"2023-05-28","15:30:00","TIMED"
38,"Brentford FC",402,"Manchester City FC",65,NA,NA,NA,"2023-05-28","15:30:00","TIMED"
38,"Aston Villa FC",58,"Brighton & Hove Albion FC",397,NA,NA,NA,"2023-05-28","15:30:00","TIMED"
38,"Arsenal FC",57,"Wolverhampton Wanderers FC",76,NA,NA,NA,"2023-05-28","15:30:00","TIMED"
